ticker,rank,score,annualized_slope,r_squared,m1,m2,m3,m4,m5,m6,m7,m8,all_pass,close,sma50,sma150,sma200,dist_from_52w_high_pct,ret_5d,dist_from_10d_high,pullback
SNDK,1,2124.18,2466.43,0.8612,True,True,True,True,True,True,True,True,True,1407.61,922.65,537.94,421.95,-9.9,-9.9,-9.9,True
BE,4,341.71,581.11,0.588,True,True,True,True,True,True,True,True,True,275.95,199.62,149.23,126.99,-9.1,5.72,-9.1,False
PL,6,314.37,437.43,0.7187,True,True,True,True,True,True,True,True,True,41.62,33.94,23.72,20.1,-3.3,6.61,-3.3,False
BKSY,7,209.52,383.83,0.5459,True,True,True,True,True,True,True,True,True,38.75,31.91,24.78,23.46,-9.2,-1.77,-9.2,True
MU,8,172.66,329.55,0.5239,True,True,True,True,True,True,True,True,True,724.66,486.18,362.35,306.98,-9.8,-2.97,-9.8,True
ABSI,10,145.79,366.44,0.3978,True,True,True,True,True,True,True,True,True,5.13,3.72,3.47,3.31,-13.8,-13.05,-13.8,True
RKLB,18,0.81,29.24,0.0278,True,True,True,True,True,True,True,True,True,124.77,79.25,70.59,64.94,-5.9,18.3,-5.9,False
GLW,2,531.37,641.78,0.828,True,True,True,True,True,True,True,False,False,191.81,156.97,118.09,106.62,-7.9,2.61,-7.9,False
LASR,3,365.4,449.2,0.8134,True,True,True,True,True,True,True,False,False,75.61,67.99,49.71,44.26,-11.0,2.3,-11.0,False
GEV,5,330.38,362.65,0.911,True,True,True,True,True,True,True,False,False,1049.23,966.41,768.11,731.2,-8.7,0.87,-6.2,False
EWY,9,153.71,221.39,0.6943,True,True,True,True,True,True,True,False,False,178.86,146.32,118.79,107.79,-7.3,-5.96,-7.3,True
AVGO,11,49.48,107.35,0.4609,True,True,True,True,True,True,True,False,False,425.19,369.25,354.39,345.83,-3.3,-1.12,-3.3,True
C,12,11.91,40.44,0.2944,True,True,True,True,True,True,True,False,False,123.42,119.65,112.16,107.96,-6.8,-1.7,-4.4,True
AMZN,13,8.51,49.22,0.1728,True,True,True,True,True,True,True,False,False,264.14,236.71,230.55,229.42,-3.9,-3.13,-3.9,True
QQQ,14,8.19,31.8,0.2575,True,True,True,True,True,True,True,False,False,708.93,631.29,619.41,609.83,-1.5,-0.32,-1.5,False
GOOGL,15,7.56,43.84,0.1724,True,True,True,True,True,True,True,False,False,396.78,332.74,313.23,291.06,-1.5,-1.0,-1.5,True
AAPL,16,6.1,25.1,0.2432,True,True,True,False,True,True,True,False,False,300.23,265.97,266.35,258.65,0.0,2.45,0.0,False
LPTH,17,2.46,34.4,0.0716,True,True,True,True,False,True,False,False,False,11.52,12.21,10.48,9.25,-28.4,0.09,-10.5,False
GS,19,-0.05,-5.02,0.0092,True,True,True,True,True,True,True,False,False,948.47,881.2,866.2,837.12,-2.3,1.28,-2.1,False
RDW,20,-0.06,-9.56,0.0061,True,False,False,True,True,True,False,True,False,14.06,9.81,8.81,8.99,-31.6,27.01,0.0,False
IMNM,21,-0.16,-9.03,0.0173,True,True,True,True,False,True,True,False,False,20.88,22.03,20.79,18.21,-22.6,-6.95,-10.5,False
MOB,23,-14.0,-54.59,0.2564,False,True,True,False,False,True,False,False,False,5.51,5.72,6.52,6.49,-46.0,-12.95,-18.7,False
ONDS,24,-17.55,-49.18,0.357,True,True,True,True,True,True,True,False,False,10.62,9.91,9.48,8.57,-24.2,17.22,-5.3,False
ASTS,25,-31.27,-61.58,0.5078,True,True,True,True,False,True,False,False,False,83.67,83.71,82.8,74.68,-31.5,11.49,0.0,False
LAES,26,-52.33,-82.8,0.632,False,True,False,False,False,True,False,False,False,2.87,2.91,4.13,3.92,-62.5,-1.71,-13.6,False
AVAV,27,-76.78,-87.9,0.8735,False,False,False,False,False,False,False,False,False,158.0,192.4,262.87,265.96,-61.4,-6.11,-12.3,False
KTOS,28,-78.9,-87.98,0.8968,False,True,True,False,False,True,False,False,False,52.09,71.81,83.15,80.79,-60.2,-10.02,-15.9,False
